# Y custom;X1;X2;X3;X4;X5;X6;X7;X8;X9;X10
0.181661491;-0.757641864;-0.797268373;-0.752628894;0.539573082;0.915534116;-0.703823191;0.405527234;-0.428163903;0.782998996;0.977554288
0.136220838;0.138745661;0.181301285;0.136174049;-0.407490043;-0.031498898;0.337368717;-0.521981114;0.562198107;-0.164102873;-0.094494054
0.06544589;0.441883455;0.488072436;0.438596642;-0.229658201;-0.353697211;0.018651407;-0.840747185;0.865107617;-0.471085092;-0.291677978
0.252492833;0.980872438;0.96471238;0.977583668;-0.690672238;-0.814680987;0.557669341;-0.364229966;0.341592207;-0.947693137;-0.752660874
1.014220216;0.609379297;-0.039777685;0.34375507;-0.194795307;-0.224786164;0.328996969;0.257379877;-0.147216115;-0.680791038;0.762075311
-0.050509124;-0.405535342;-0.414825315;-0.400527674;0.1784824;0.30298133;-0.072228008;0.752653141;-0.793291824;0.436048824;0.365733344
0.091007442;0.072448656;-0.518198536;0.838053348;-0.745606557;-0.714199066;0.854601813;0.805427637;-0.670053896;-0.129705152;0.298239195
0.252942895;-0.769057027;-0.785369687;-0.772345737;0.559409755;0.935370564;-0.692290658;0.385813942;-0.40832574;0.80234691;0.997390574
-2.301381609;0.643580178;-0.709617834;0.3816685;-0.687532949;-0.456377134;-0.174628831;0.243494493;-0.198632907;-0.873773251;-0.469561874
-1.987596727;-0.704375514;-0.314736739;-0.743058396;-0.082894074;0.273677442;-0.822033793;0.567714671;0.680467233;-0.716027339;-0.126330219
-0.018295347;0.029762363;-0.569303176;0.764157539;-0.671705794;-0.639663991;0.811799383;0.856029033;-0.744588244;-0.20362678;0.348844319
-0.252880098;0.769091336;0.785372824;0.772395292;-0.55943673;-0.935401264;0.692297977;-0.385837235;0.408375137;-0.802316531;-0.997420904
0.56239839;-0.574853619;0.188526157;0.050566624;0.813201694;0.799019723;0.245325588;0.06156215;-0.408363571;-0.432570791;-0.180015566
0.567739996;0.336386802;-0.040463645;0.477171121;0.006257352;-0.037282124;0.416423621;-0.803366681;-0.368186348;0.294430845;0.286369053
-1.200282624;-0.357467926;-0.458186587;-0.725988939;0.051439257;0.360257083;-0.794018085;-0.202342671;0.956445165;0.470208547;-0.500628468
-0.207961937;-0.526949163;0.201400421;-0.632519595;0.233828475;0.002854451;-0.662499263;0.61894957;-0.221445557;0.567372469;0.211046255
-0.884592606;-0.350752551;-0.902714785;-0.136351677;0.518279787;-0.33623406;0.018483092;-0.480931671;0.980101165;0.096286442;-0.290758348
-0.568742946;0.101651143;0.804476857;-0.40458063;-0.670877331;0.983013232;-0.27162256;-0.991020343;-0.318904651;-0.325149043;0.524270381
1.344536663;-0.652807183;-0.108704455;0.951482842;-0.993110646;0.412022486;0.339723491;0.332080932;0.589914424;0.162758288;0.311176483
1.513019288;-0.063734135;0.629694648;0.206329307;0.854302674;0.693675298;-0.803014392;0.314952373;0.164888643;0.259490805;-0.743565934
0.813134679;0.875762439;-0.478374531;0.162706143;0.192051313;-0.51096952;-0.076194559;-0.154246395;0.934872255;0.418718025;-0.551190491
1.019811361;-0.166120999;-0.149772423;-0.144500246;0.430247538;-0.31126543;0.87708596;-0.276311338;0.638148643;0.8711633;-0.748863643
1.340089014;0.506994536;0.389524311;0.542231515;0.453059017;-0.9536088;0.461269251;0.964901972;-0.933982298;0.636292393;-0.726592884
-0.963689829;-0.910047507;0.374529868;-0.811041211;0.209683819;0.120158723;-0.843388054;0.633937274;-0.455433244;0.559790626;0.158119877
0.855122;-0.527746668;0.575638102;-0.870955009;0.339210437;-0.082666391;0.193027258;0.376945033;0.980583963;0.42301536;-0.551930083
-1.622345277;0.391629625;-0.939610471;-0.08396763;0.113866585;-0.132986058;-0.414501831;0.768813528;-0.294066949;-0.411076721;-0.620445356
1.154336305;-0.283206799;-0.1759763;0.11235233;0.699533428;0.833072277;0.311576932;-0.825241358;0.567141777;-0.91866383;0.83374785
2.770641194;-0.401035264;-0.481328999;0.814503327;0.907588465;-0.127754238;0.853551201;0.760468807;-0.631732683;0.913592297;0.16278828
2.582921231;0.797442383;0.995236401;0.724095551;-0.950885531;-0.473571611;0.727891072;0.349780778;0.597193924;-0.181847292;-0.002414445
-2.081159906;-0.344837719;-0.634491265;0.359294546;-0.861434116;0.997210024;-0.782923072;-0.891900893;-0.073863661;-0.647172412;0.798958661
1.317241947;0.935987273;0.092121653;-0.629764115;0.209003038;-0.960119628;0.394683207;0.816408945;-0.009410123;-0.134457588;0.602789284
0.756268515;0.847540037;0.683862301;0.585393412;-0.620133274;-0.445219019;-0.324625391;0.389518208;-0.415597684;-0.75805953;0.813589455
-2.622229517;0.23927186;-0.568013476;-0.127651001;-0.019195054;-0.842002796;0.684529742;-0.613747196;-0.998228537;0.494061193;-0.871254251
-0.031070398;-0.632283481;-0.265425439;-0.679818551;0.069979542;0.623811075;0.042455572;0.106036426;-0.65967839;0.701662774;0.662190074
-3.577831267;0.337190979;0.001517826;-0.806960549;-0.825689369;-0.77762281;-0.869774291;-0.208543551;-0.934855319;0.811647996;-0.30474218
-1.020008444;0.303278396;-0.864787301;0.279265915;0.733019263;-0.471338897;0.65223012;-0.928537245;-0.631230837;-0.448846091;0.356938235
1.977829268;-0.537046866;-0.025238232;0.04099161;0.940326505;0.228775944;0.887616752;0.478370806;0.997843844;-0.853266307;-0.180544788
-0.174943631;0.237152366;-0.820544594;-0.120467604;0.689400322;0.209061995;-0.894792084;0.284198525;0.321427908;-0.406772201;0.326391735
-2.324827528;-0.023248967;-0.787854967;0.53686069;0.378107336;-0.618943561;-0.465135761;0.396211888;-0.839640671;0.097023513;-0.998207027
0.076952985;-0.332912832;-0.005862154;0.13083381;0.8861426;-0.670847306;-0.085539574;0.173776695;0.293800669;0.339383977;-0.651822901
3.426166622;-0.012426039;-0.716223823;0.845974717;0.858359537;0.902767554;-0.125570906;0.886089496;0.131397399;0.942877113;-0.287078428
0.997951732;-0.559434202;0.885468311;-0.561180977;0.561600587;-0.018765898;0.700778523;-0.364399678;-0.772529761;0.534959233;0.591455594
-3.279135632;-0.091734249;0.678560555;-0.483104828;-0.300522568;-0.008156737;-0.63863896;-0.285406192;-0.527137725;-0.852375329;-0.770619599
-2.966700239;-0.55045771;-0.327114759;-0.658597437;0.504266506;-0.30013303;-0.60152834;-0.502633288;-0.472925772;-0.50974825;0.452171842
0.766673355;-0.989865116;0.788860022;0.003013328;0.691408682;0.543861551;-0.572303723;0.167107688;-0.260209833;-0.440598531;0.835399286
-1.482504862;-0.792065833;0.358010769;0.765085277;-0.909904992;-0.124492984;-0.065000127;-0.761821814;0.36454632;-0.377388004;0.060526525
1.381377687;-0.009233356;0.277893562;0.869103065;-0.860660956;0.343681026;-0.363982145;0.965483495;0.282447503;-0.066190021;-0.057164487
-0.482370065;-0.844516776;0.978329642;-0.276461073;0.122579959;-0.285469309;-0.166763111;0.078011181;-0.258223839;-0.390998305;0.561141567
0.589967823;-0.10913602;0.648600547;0.574427352;-0.318003947;-0.087471908;0.334797032;-0.981822941;0.086776234;0.697288178;-0.255486706
-0.586568965;0.038013531;0.785208055;-0.293206073;-0.770862426;0.005877744;0.358665763;0.938926813;-0.133103544;-0.78281789;-0.733270938
1.523791297;-0.113330067;0.679728678;-0.472878571;0.272292061;0.551272622;0.412942532;0.283770685;0.903552306;-0.33855429;-0.65500466
1.870132296;-0.341697717;0.790664126;0.93935735;0.320105707;-0.617252393;0.766829575;0.624410302;-0.549183833;0.059866668;-0.12296749
-3.916263494;-0.807192379;-0.777667904;-0.938163799;0.270158543;-0.672516834;0.230787176;-0.373974923;-0.178668854;-0.282342556;-0.386681964
0.574924308;-0.11629373;0.918252577;0.224616987;-0.77768073;0.355431666;-0.07340458;0.738485938;0.412048403;-0.71425936;-0.392272862
-1.285431348;0.90486487;-0.682658074;-0.792783295;-0.145348393;0.839110831;-0.810321167;0.860745074;-0.038874239;-0.732605206;-0.68756175
-0.961398331;0.485424084;-0.138933146;-0.966775411;-0.904559281;-0.580288662;0.51160765;-0.468724827;0.757135479;0.819649458;-0.475933675
-3.396401336;0.575318048;0.702729024;-0.359323958;-0.915347432;-0.409576768;-0.880801162;-0.806323594;0.020590418;-0.358522179;-0.965143731
1.449174135;-0.356144511;-0.198150684;0.622146525;0.388288028;-0.867666591;0.344442468;0.898914761;0.54968716;0.867332388;-0.799675406
1.952824646;-0.584168116;0.466114613;0.793572267;0.916766673;0.536059108;0.119923156;-0.0428996;0.09601709;-0.983384428;0.634823881
-1.261649129;0.193007109;-0.134488234;0.784756516;-0.47709209;-0.553992872;0.35078022;-0.559773221;-0.730217397;0.440400781;-0.575029942
1.444092914;-0.110673561;-0.630565165;0.463297684;0.810275599;0.794437679;0.350745617;-0.095596742;0.41485609;-0.583780369;0.031096081
2.943676426;-0.144699556;-0.262492158;-0.189151003;0.603967635;-0.064626328;0.417381074;0.979451458;0.143113771;0.995721949;0.465009583
1.920667452;0.182984322;0.313465198;-0.780613584;0.974793826;-0.252862929;0.932303387;0.168602375;-0.402099463;0.992130182;-0.208035862
0.979234795;0.345844513;0.111564303;-0.131738275;0.587544068;0.62635046;-0.173708348;-0.187986596;-0.628682126;0.488682555;-0.058635759
1.223789569;-0.07139313;0.846077142;0.484700254;0.158143522;0.413420942;0.84741358;-0.877193626;-0.414530027;0.489783623;-0.652632711
-1.281105063;0.57010826;0.054707891;0.178487198;-0.627251368;-0.863857579;-0.529616008;-0.939574099;-0.337233423;0.74352635;0.469597715
-1.197343182;-0.504883538;0.64304563;-0.65126006;0.780483345;-0.257779434;-0.19897815;-0.593669904;-0.309789246;0.633871635;-0.73838346
-0.359577353;0.42585478;-0.239662062;-0.293578471;0.106284396;0.856342485;-0.872413675;0.651490014;-0.398117118;-0.950833449;0.355055747
-1.997703431;-0.715189258;0.871919886;0.389116243;0.825222197;-0.88852813;-0.528258882;-0.774198665;0.01774696;-0.616340247;-0.579193536
1.124824435;-0.695472307;-0.146436201;0.766498924;-0.067569509;-0.064602929;0.348166096;0.968426927;-0.045879769;0.37723935;-0.315546146
3.986377068;0.802093378;0.540396085;0.64534609;0.276773408;-0.747842929;0.9168919;0.712164518;0.785068023;-0.09344241;0.148929006
-0.503648376;-0.470360887;-0.605178934;0.819538359;0.964804945;-0.680854287;-0.498019413;-0.683174252;0.95770155;-0.666730838;0.35862538
-3.759520525;0.518185973;-0.95543274;-0.644027325;-0.834080665;-0.975829282;-0.155637083;-0.904504188;-0.341912492;0.541211096;-0.007493818
-2.12268925;-0.607350283;-0.217132977;-0.667384962;0.357984292;0.349329982;-0.460610927;-0.274840446;-0.667765092;-0.507922256;0.573003418
0.021775917;0.028765409;0.96925808;-0.643908573;-0.218418305;0.449821853;-0.328516472;0.552963213;-0.70189751;-0.793430713;0.707138935
-0.713007256;0.201445476;0.039841532;0.880843903;-0.166714918;-0.253458524;-0.853324541;0.030997973;-0.098633744;-0.092140483;-0.401863929
0.545755766;0.535704011;-0.726520381;-0.299812997;0.200322893;0.221706867;0.73983062;-0.447860832;0.550029427;0.02128495;-0.248928791
3.674326625;0.782937621;0.750575282;0.833688994;0.305902201;0.04730566;0.610932934;0.082380659;0.700112824;-0.252847904;-0.186661644
-0.10097744;-0.84560698;0.197629432;-0.214121893;0.171273988;0.262812258;-0.981066365;-0.06798654;0.485044553;0.528591135;0.362452972
-0.747499096;0.60487773;0.626361903;-0.126397707;0.435805223;0.088679575;-0.729567376;-0.426417629;-0.609131582;-0.854447085;0.242737852
0.641604639;0.047910587;0.937968349;0.587755381;-0.87776637;-0.869212185;-0.169444718;-0.155446096;0.612981758;-0.281928221;0.808786154
1.667373518;0.688924095;0.114417392;0.150533342;0.175505246;0.801765687;-0.528873545;0.483164098;0.982201505;-0.86371409;-0.336550212
1.044634921;0.647073835;-0.433886768;-0.420400935;-0.241211099;-0.304059969;-0.272760312;0.337830858;0.84546868;0.161218006;0.725362625
2.880202236;-0.046665531;0.98377557;0.410317951;0.168778024;-0.774619894;0.148905512;0.464116586;0.76556365;0.107669097;0.652361272
0.874632166;0.905012814;-0.002700104;0.274492728;0.381185687;0.76284378;0.033288946;-0.957462839;0.238576598;0.187539378;-0.948144822
-2.140588489;-0.265444982;0.690945701;-0.830273681;0.134526341;-0.953605246;0.676895698;-0.044693842;0.290581081;-0.942144252;-0.897375307
-2.744894089;-0.827297714;-0.720148106;0.72788465;-0.880491389;0.942190139;-0.540178572;-0.738555185;0.091235853;0.039637152;-0.839170916
0.193987233;-0.291257408;0.472584785;-0.474016675;-0.385184727;-0.635841093;0.65289783;0.715025765;0.044578406;-0.430874447;0.526074797
2.450658444;-0.855139785;0.997761068;0.908978207;0.336663727;0.820928251;-0.49030686;-0.370024271;-0.324139817;0.703877873;0.722060051
1.071121058;-0.220249306;0.256726361;-0.644360397;0.962722308;-0.136943762;0.400842028;-0.864167934;-0.019096159;0.77975555;0.55589237
0.28311072;0.357580717;-0.853445098;0.333938936;0.159616306;-0.28390428;-0.358591112;0.068244252;0.204436336;0.878241748;-0.223007084
-2.833507801;-0.566615563;-0.471350075;-0.106124823;-0.436461386;0.155756144;-0.867475565;-0.027491723;0.45532695;-0.117846889;-0.851224871
0.07648972;-0.097316266;-0.927579463;-0.397390803;-0.271455519;0.717583716;0.481240318;-0.587544112;0.939256392;-0.127381572;0.347077029
-0.415343969;-0.198011997;-0.417097998;-0.402852944;-0.080498726;-0.124706212;-0.060315295;-0.608370666;0.935245912;0.912846276;-0.371582318
-0.742106551;0.767745587;-0.420821176;-0.854680548;0.150835649;-0.22261101;0.810440354;-0.287855745;-0.542386394;-0.329173213;0.186399946
0.757455924;-0.774311453;-0.250170647;-0.587202907;0.589381452;0.109683992;-0.472082639;0.990611283;0.508608733;-0.076623961;0.71956207
-0.566019373;-0.575283951;-0.015543707;-0.157924311;0.140460267;0.215014881;-0.591817666;0.130830993;0.91780546;0.178211462;-0.8077728
0.707511227;-0.148691654;0.628535499;-0.2728237;-0.085411029;0.302335135;-0.120814895;0.296301407;0.402848163;0.273892635;-0.568660334
-0.063767057;0.293864969;0.111811818;0.014116544;0.14115003;0.613285992;-0.100418962;0.523258497;-0.866927366;-0.786249951;-0.007658628
-2.035447448;0.278261561;-0.980559502;-0.985370211;0.749143672;-0.864593012;0.298709122;-0.262459509;-0.99434053;0.788551534;-0.062790572
-2.348336473;-0.016661438;-0.176891948;-0.725510748;0.207418805;0.302601394;-0.185505985;-0.576179456;-0.74358006;-0.876111014;0.442083977
0.349586043;0.348395067;-0.690135657;0.73574701;-0.208002615;0.183100671;-0.360098632;0.958875307;-0.817874073;0.713337103;-0.513758137
-1.018795096;0.779118936;0.686368495;-0.659970879;-0.009505221;-0.311572437;-0.927235152;0.82247655;-0.483305682;-0.737229617;-0.177940088
2.393870537;0.382275028;-0.519760999;0.638647797;0.487787261;0.764258385;-0.37575119;0.082596032;0.076475213;0.49897133;0.358371682
-1.505938866;-0.516105754;0.064456946;0.758550301;-0.488152481;0.204615575;-0.64462696;-0.481256961;-0.536271182;-0.155524286;0.288375937
-1.434395341;-0.369870166;0.770237706;-0.311300933;-0.704195085;-0.101295169;-0.509435105;-0.283841404;-0.349458594;0.523367802;-0.098604392
1.048316259;-0.230639225;0.766985575;-0.475515772;-0.754469839;0.692206599;0.420389009;0.042756503;-0.926354041;0.880866668;0.632090783
2.190348807;0.260166447;-0.777843951;-0.163897768;0.744212693;0.254348988;0.510018506;0.218532297;0.62421131;0.476714196;0.043886088
-1.042125643;-0.765865293;0.169145562;-0.411444964;0.495353094;0.469604986;-0.921200571;0.816831185;-0.625744819;-0.125096022;-0.143708801
-1.884115336;-0.894499472;0.612166051;-0.677582045;-0.023370115;0.071946821;-0.233873087;0.840093006;-0.286577334;-0.495460628;-0.796958533
-0.313628855;0.46892728;-0.434696236;-0.059959103;-0.88773477;0.003187404;0.354622248;0.303718716;-0.535026196;0.385155127;0.088176674
0.055466769;-0.089292825;-0.681980475;-0.56076099;0.525059515;-0.341858742;-0.633619651;0.966176834;0.544047797;-0.663367615;0.991062922
0.316595084;0.31802007;0.0765705;0.731556834;-0.49196289;-0.934664427;0.16032354;-0.025227985;0.676512312;0.271216652;-0.46574952
-0.427985743;0.354635673;0.220081402;0.648659195;-0.642458754;-0.647420078;-0.078909727;0.677273543;-0.949767996;-0.443392057;0.433313057
-0.345043359;-0.503597506;-0.921031712;-0.612216387;0.678181574;0.859553087;0.953773616;-0.101613094;-0.750851493;0.130812836;-0.07805428
2.354297172;0.715549304;0.037358725;0.615082659;0.473694479;-0.333620435;0.94224144;0.66035669;0.502126655;-0.897538097;-0.360954247
-1.283470788;0.657280581;-0.206183606;-0.88366143;0.556639788;0.458376424;-0.441528593;0.021214537;0.321282446;-0.825187039;-0.941703897
1.706229038;-0.278786946;0.284839376;0.805415889;0.918101365;0.227441181;-0.995489604;0.651499342;0.742280895;0.300789136;-0.949861596
-0.424633298;-0.598794148;-0.09640493;0.513378302;-0.321657447;-0.26981851;-0.368614016;-0.346468503;0.750531306;0.543504449;-0.230289801
-0.300349007;-0.372247983;0.42947872;0.680709804;0.960668806;-0.317846607;-0.10470981;0.400733624;-0.892440374;-0.721195537;-0.363499651
1.608933317;0.082299514;-0.891197281;0.942369774;0.51733084;0.105706057;0.832703093;0.066544425;-0.290529431;-0.56297025;0.806676576
-0.278423103;-0.346277882;-0.957067456;0.258817331;-0.830833157;0.927463349;-0.087752204;-0.049141592;0.229981751;0.154463161;0.421923596
2.716706589;0.419114141;-0.508458184;0.655717445;0.725195039;-0.753109668;0.365326336;-0.772096103;0.924240078;0.706641548;0.954135959
-0.299565323;-0.593193346;-0.490928077;-0.875531488;0.249732737;0.612812896;-0.796013412;0.932627151;0.747937459;0.057965507;-0.144974749
-0.313039786;0.937645369;-0.708175134;-0.907166776;0.770055229;-0.019968638;-0.493709145;-0.28562282;0.954278429;-0.589272886;0.028896585
1.154959753;0.521720825;0.674496183;0.352000266;0.601910663;-0.597800306;-0.874407833;0.123137608;0.80563261;0.097437207;-0.54916747
2.383768486;-0.283383929;0.487660325;-0.920791237;0.063303665;0.976551102;0.300717149;0.601812933;-0.04530291;0.622066176;0.581135214
-0.691490484;0.991262898;0.417466579;-0.116388631;0.361182908;0.437411454;-0.271294472;-0.562466354;-0.446223792;-0.848396127;-0.654044947
-0.561326005;-0.74899482;-0.461696568;-0.083385104;0.543774835;-0.443972122;-0.151187519;0.797803242;0.14303022;0.398019242;-0.55471741
2.633905575;0.74913301;-0.516260922;0.330192831;-0.349498939;0.363447581;0.804871681;-0.011337583;0.019588217;0.940068623;0.303701077
1.872975188;-0.3415289;0.737113084;0.472059925;-0.924363258;0.370855608;0.359390794;0.895959906;-0.216512608;0.570830919;-0.050830282
-0.007889399;0.310699483;-0.815284213;-0.775479523;-0.015252166;0.875603959;0.522523721;0.518034569;-0.594704442;0.783750652;-0.817781439
3.968828601;0.002021353;-0.169988374;0.907184257;-0.181154652;0.816377058;0.008700541;0.680192607;0.685826642;0.537849238;0.681819932
-2.381041205;-0.469859882;-0.882863787;-0.492405454;-0.693818155;-0.141442011;-0.324083521;0.581364322;-0.287766117;0.23084553;0.09898787
-1.921258709;-0.36137087;-0.769965572;0.249212164;-0.270895392;-0.973589988;0.969151931;-0.384651908;-0.079796237;0.650047506;-0.949400344
-0.347128294;0.741852658;-0.650202131;-0.163176815;-0.476662557;-0.146054717;-0.63840034;0.965816185;-0.47009667;0.441684395;0.048111698
0.516233351;-0.376826258;0.319764857;-0.156875173;-0.33392636;-0.019721336;-0.437765233;0.318027338;0.732992416;0.481667416;-0.011104318
0.865436624;0.637093406;-0.340757052;0.853761763;0.917305037;-0.554333821;-0.605779773;-0.598164588;0.665249807;-0.483856064;0.374917908
-0.960174004;-0.090919449;0.559742976;-0.472853977;-0.60473162;-0.61440202;0.310079;-0.248518399;0.821986894;-0.567463669;-0.053093738
0.593553246;-0.9773524;0.70384718;0.50619326;0.164274267;-0.6510816;0.615213944;-0.208959469;-0.587806826;0.560969655;0.468255236
-0.882977714;-0.155843676;-0.981889604;0.930046765;0.618413074;0.244393475;-0.595305729;-0.210910488;-0.025144511;-0.49352991;-0.21320711
0.073334616;0.742312651;-0.44620363;-0.293699561;-0.180422567;0.957535904;0.369730863;-0.651598856;0.235906717;0.078313117;-0.738540022
1.791290446;-0.39228563;0.351034464;0.66955767;0.216540387;-0.866612263;0.106213601;0.563728053;0.513352226;-0.318016722;0.947778662
1.498853205;-0.00038989;0.592251067;-0.480981961;-0.550275927;-0.070295721;0.450925696;0.340220924;0.754934942;0.992056323;-0.529592248
3.306487419;-0.050930918;-0.47954427;0.84277597;0.433108321;0.334890738;0.766046241;0.577941929;0.72514697;-0.759062393;0.916114831
2.245165864;0.049269221;-0.857138583;0.890566095;0.754356591;0.659951822;0.686077118;-0.697000892;0.651727103;0.29083974;-0.183482351
1.48152343;0.055982123;0.593096978;0.036918366;0.56144157;-0.350366665;0.19744578;0.371227361;0.488507151;0.341202068;-0.813931302
-0.62716117;-0.234692991;-0.066132566;0.496929428;-0.042739854;-0.748450368;0.24621322;-0.202185019;-0.34858328;0.069597711;0.202882548
-2.395310501;0.507227039;0.562458591;-0.341987477;-0.394554155;-0.193823211;-0.848184889;-1.79E-05;-0.976152837;-0.634761837;-0.075513844
-2.323734144;-0.578423038;0.247454413;-0.333729428;0.714192015;-0.052778657;-0.38973543;-0.779737474;0.114809704;-0.293627723;-0.972158525
-0.400877038;0.761006782;-0.99971615;-0.778652001;0.922462719;-0.851290586;0.944070416;0.12692531;-0.909935683;0.164869156;0.219383
-1.80223644;-0.648817341;-0.624539775;-0.056773877;0.381429143;0.294623024;-0.058438895;-0.993387422;-0.341639369;-0.299750305;0.545058375
-3.631505198;0.080057416;-0.977341924;0.76613391;-0.961673309;-0.468285931;-0.758602573;0.038473013;-0.529170257;-0.064884794;-0.75621075
0.734432031;-0.886159679;0.945357313;0.918770613;0.079278435;0.576923628;0.44867216;-0.842206239;-0.73226989;-0.011119924;0.237185614
1.08288419;0.328199339;0.399737867;-0.496371239;0.799179381;0.232537844;0.965786817;-0.024889902;-0.87401077;-0.556814005;0.309528858
1.597666104;-0.795525351;0.967041568;0.792763767;0.530296698;0.076462285;0.34240225;0.451164677;-0.145923825;-0.132387291;-0.488628674
2.556393803;-0.164504326;0.583584528;0.018764626;0.93849035;0.409061657;0.046660708;-0.306311706;-0.123224183;0.176343801;0.977528349
0.987336005;0.925335621;-0.55473551;0.296357341;-0.273546287;0.442171654;-0.399114025;0.693627443;-0.080661875;-0.092986635;0.030888279
-0.233224186;-0.377238962;0.748568376;-0.358008197;0.797664836;-0.533205731;-0.497932824;-0.690251182;-0.196841047;0.240410148;0.633610395
-1.04915386;-0.592406849;-0.214600933;-0.021683552;-0.725457394;0.988848916;-0.085235221;-0.248007156;0.199760554;0.240204558;-0.590576785
0.051620452;0.641321668;-0.552545314;0.569404814;0.69051418;0.340482341;-0.566442959;-0.134882266;-0.558125935;0.213401253;-0.591507331
-0.918757849;0.368794046;0.89141653;-0.83116029;-0.192557367;0.717545682;-0.5843972;0.880366038;-0.657899669;-0.688197372;-0.822668246
-2.518689582;-0.332721233;0.290369449;-0.736061891;-0.387459032;-0.750405444;-0.181343496;0.951422271;-0.732378432;0.184075201;-0.824186976
-0.322902515;-0.991943257;0.986851214;0.184030087;-0.398821851;-0.079923503;0.289385389;0.152673571;-0.580049657;0.886512951;-0.771617459
-0.109070538;-0.20425574;0.926282448;-0.392799018;0.019344148;-0.052913592;-0.212244683;-0.774742002;-0.064968826;0.87441348;-0.227186754
0.77268022;-0.126916481;0.592112789;0.472798972;-0.565087548;-0.197548177;0.519726201;0.143317758;-0.847222806;0.010591164;0.770908349
0.787893938;-0.11260653;-0.558319914;0.694417228;-0.466321736;0.84745436;0.809048915;-0.66761187;-0.542812357;-0.187232745;0.971878587
-2.738177778;-0.618347648;-0.377397155;-0.516265521;0.15105001;0.386027756;-0.821732942;0.872601209;-0.93746365;-0.349366066;-0.52728377
-0.955030173;0.016726599;-0.545220835;0.427742802;0.746676128;-0.796885021;0.715750388;-0.298018857;-0.941938301;0.704030876;-0.983893951
-0.293530956;0.781996957;0.278989279;-0.627289764;0.389852889;0.581666696;-0.66453149;-0.920319539;-0.210041748;0.027082757;0.069063005
1.941221392;-0.706526853;0.722979422;0.772115938;0.07128781;0.853316876;0.458954069;-0.021376767;-0.066732028;0.354448896;-0.497245971
-1.591159419;0.706352026;-0.809373081;0.057038667;0.427227981;-0.824473431;-0.692846254;-0.798899795;-0.070723117;0.513604133;-0.099066547
-0.340620853;-0.061269891;0.152190058;-0.601192406;0.889217634;0.892206955;-0.864738582;0.162592748;-0.957723935;0.929178885;-0.881082319
0.316627938;-0.251201747;0.247024426;0.46826584;-0.084604121;0.18954359;0.484435412;-0.924757021;0.079443256;0.611017635;-0.502539331
1.691203233;0.990729664;-0.818986036;0.975972151;-0.969449168;0.490094957;0.97614931;-0.181944047;-0.319489953;0.184216276;0.363910079
-1.30294108;-0.172972572;-0.524816377;-0.850875083;0.615596965;-0.833154054;-0.269482609;0.224896256;0.416538824;0.439325725;-0.347998154
0.529082673;-0.345912424;-0.059782138;-0.489860985;0.37858901;-0.049093117;0.60721262;-0.075370489;0.95403348;-0.586312641;0.195579357
0.175433856;0.5625822;-0.841201553;-0.034595228;0.195284819;0.928142216;-0.024438853;-0.097631836;-0.676026293;-0.341869548;0.505187933
1.863825474;0.433466461;-0.308169528;0.772255957;0.655606817;0.151372575;-0.844319427;0.340690578;0.32267803;-0.24474053;0.584984542
-2.603661117;-0.512406221;0.894424362;-0.458153831;-0.478632877;-0.254941853;-0.476629629;-0.025847301;0.164292834;-0.949848008;-0.505918592
0.956688872;0.284452624;-0.477116636;-0.204393571;-0.265519017;0.223717407;-0.450030788;0.690279283;0.009076193;0.371863329;0.774360049
-1.775703537;-0.052870462;0.579876275;0.107331644;-0.514573544;-0.999202736;0.529276315;0.35767498;-0.819965783;-0.813005121;-0.150245103
2.248719721;-0.870840624;0.982122158;0.289526986;0.454365883;0.144584113;0.45755524;0.717534919;0.645493099;-0.82823959;0.256617538
-3.279537851;-0.208129699;0.844760363;-0.551265694;-0.80114637;-0.515945145;-0.823016765;-0.626305016;-0.036617751;-0.431608532;-0.130263242
0.650973061;0.049665476;0.502808661;0.86728819;-0.2735958;0.43703648;-0.034720374;-0.631946264;0.390322646;-0.636608228;-0.019277726
-0.486948298;-0.721958843;0.511301682;0.082125658;-0.114526779;-0.189289599;-0.479856495;0.502996154;0.97129696;-0.479814187;-0.569222848
2.023062381;-0.116477237;0.108610259;-0.323613778;0.115564616;0.937507448;-0.113930545;0.709776378;0.646691973;0.425070519;-0.366137252
0.829019014;0.91217922;-0.171895072;0.862121771;-0.567908344;-0.176050426;-0.273696303;-0.277861957;-0.675378389;0.925803987;0.271704526
-0.829547238;0.322428414;-0.423666905;-0.782924817;0.482385043;-0.306279885;-0.334376859;0.130226819;-0.681420965;0.537362798;0.22671912
-2.811751664;-0.526705966;-0.794439626;0.073476625;-0.083125849;-0.83112793;0.431459075;-0.488646927;-0.38012097;-0.647373668;0.434853572
3.709557104;0.933362978;0.254526041;-0.486982315;0.358299012;0.848374218;0.154253315;-0.342564578;0.336486311;0.735047738;0.918754384
-1.308581015;-0.866590219;-0.599465484;-0.001878827;0.851050036;-0.528342476;-0.097600648;-0.122737078;0.838112285;-0.644042576;-0.13708603
1.835586294;0.144340058;-0.370079158;-0.650979544;0.306709913;-0.546811041;0.495178277;0.453309516;0.953250731;0.34130925;0.709358293
-1.642058952;-0.927548837;-0.586854391;0.18786093;-0.597515749;0.528628234;0.69015703;-0.283672425;-0.091690724;0.12724384;-0.68866686
-1.069626913;-0.519174076;-0.577693926;0.1032229;-0.031258339;0.151148284;0.492982321;-0.553071645;-0.36986341;0.987654122;-0.753573145
1.167416433;0.379127583;-0.743040439;0.764732232;0.860745223;-0.328575118;0.519218004;-0.809278591;0.008944241;-0.349220562;0.86476386
0.18796326;0.869147584;-0.047720074;0.317183018;-0.281676631;-0.006907916;-0.142717616;0.146346965;-0.288626363;-0.0548355;-0.322230207
-0.587778046;0.676664205;-0.479661722;-0.134469615;-0.400721945;0.848528739;-0.898114023;-0.3970514;-0.586392011;0.28403518;0.499404544
-0.211760984;0.428435567;-0.954475478;-0.371027549;0.579005354;0.445679376;-0.233266489;0.648957593;-0.696842681;-0.991700488;0.933473812
-2.921197315;-0.524466711;-0.958037515;0.284297258;-0.472315666;-0.202034618;-0.891720175;0.057299501;0.12440804;-0.565639426;0.227011997
3.999550268;0.645627093;-0.260960913;0.554878679;0.067253006;0.910574676;0.466776487;0.612219007;0.30173347;0.179204091;0.522244671
3.849381337;0.777128098;0.618087236;0.78479971;-0.141155945;0.974085479;0.766606883;0.812917357;-0.796620483;0.818695634;-0.765162632
-0.8849038;0.769508166;-0.315062943;0.296297822;-0.491422172;-0.708268207;0.272039478;0.398960711;-0.356847141;0.172380665;-0.922490179
-0.775015931;-0.653404145;0.329859011;-0.750781845;-0.28317854;-0.258988831;-0.382476119;0.194065281;0.449441382;-0.18397354;0.764421416
1.851337499;0.761460659;-0.604928866;0.828398067;-0.883094642;0.558529411;-0.888106316;0.493404024;0.803499013;-0.001376499;0.783552648
0.311256331;0.54189289;-0.824575872;0.349204339;-0.813918531;-0.3910896;0.859036453;-0.540792002;0.485888227;0.621487705;0.024122721
1.739047197;0.740562927;-0.735959367;-0.241184391;0.241253279;0.652477619;0.738824287;-0.994007999;-0.046445339;0.726575687;0.656950494
-0.526912382;-0.809819655;-0.397733792;-0.391568328;0.523862825;-0.449896282;0.575312664;-0.740289364;0.947937408;-0.672141065;0.887423208
1.736522355;-0.459634074;0.896464477;0.756386769;-0.03680304;-0.139701924;-0.350301551;0.253896026;0.686044065;0.514828966;-0.38465736
1.139177491;-0.205599934;-0.452181011;0.699464609;0.751112918;0.289551948;-0.798111983;0.251210881;0.79289758;-0.175652991;-0.013514525
0.108720981;0.857802913;-0.943560872;0.486157217;-0.083693398;-0.332422711;-0.427339991;0.015792986;0.873874435;0.431116683;-0.769006283
1.013494754;-0.409191049;0.895570334;0.962170609;0.699922955;-0.269974622;0.242037478;-0.355508764;0.303673291;-0.718427918;-0.336777558
1.924237343;-0.288728481;0.959888072;0.139266845;0.896356345;0.515936961;0.056856449;-0.882389255;0.898888559;0.580651019;-0.952489169
-1.520702828;-0.425674534;-0.413938792;-0.932074312;-0.610271772;0.808142563;-0.70674491;0.147335217;0.962296621;0.015675073;-0.365447983
-1.949573076;0.555730473;0.061423992;-0.204461301;-0.930992467;-0.658704121;-0.909879759;-0.527552749;0.595221975;-0.474358489;0.543999371
1.056982563;-0.116743161;-0.203136382;0.726706748;-0.174027175;0.982836264;-0.393786837;0.212001451;0.22361865;-0.598745208;0.398258214
0.044460187;-0.019304532;-0.0951534;0.680977296;-0.458054208;-0.136133418;0.898043152;0.958910792;-0.803392691;-0.129007571;-0.852425234
-1.495198357;-0.627441437;-0.806136929;-0.364665208;-0.246481059;-0.998365819;0.21957621;0.430686047;0.053239122;0.756423722;0.087966994
2.3990259;0.946874352;-0.042960476;0.171406334;0.515088347;-0.317142899;0.747406712;-0.479658227;0.589470815;0.768447642;-0.4999067
1.210478483;0.970820439;0.772556446;-0.14170637;-0.225445661;0.551576491;-0.362504201;0.623933818;0.341950628;-0.598857107;-0.721846001
1.073983247;0.460343829;-0.986035408;0.815892272;0.664859543;-0.612849721;-0.534186927;0.701278574;0.763919636;0.452101082;-0.651339631
1.616433307;0.835414065;0.230949042;-0.649967502;-0.625629323;0.230101683;-0.005177033;-0.159594567;0.775727487;0.582505362;0.402104093
5.263691224;0.084584795;0.791870255;-0.530945712;0.233593065;0.910947376;0.940110889;0.983620424;0.424358038;0.586976326;0.838575767
-0.44954181;-0.182063232;-0.763255245;0.42072453;0.705104221;0.768635945;-0.227411333;0.707905413;-0.583191746;-0.517607907;-0.778382457
-0.58137868;0.428694246;-0.348063443;-0.71560196;0.747548724;0.271100913;0.309700669;-0.809401236;0.162175546;-0.064537625;-0.562994515
0.138841291;-0.66878483;0.406087731;-0.203016178;0.337612586;0.250143852;-0.165018573;0.751546077;-0.629017218;0.514080337;-0.454792491
-5.274594473;-0.5174296;0.427088339;-0.830143797;-0.957175589;0.216956691;-0.511326402;-0.694232312;-0.843982048;-0.793749752;-0.770600002
3.11781403;0.536870218;0.544052922;-0.106158551;0.696786038;-0.155343797;-0.020976536;-0.807361593;0.824813787;0.743576466;0.861555076
-1.432419273;0.075862174;-0.973914465;-0.131394603;-0.036481742;-0.328695041;0.940352255;-0.651020246;-0.151962856;-0.485609083;0.310444334
0.787734022;0.076207828;-0.205179326;-0.82954235;-0.192281748;0.631649868;0.184005403;-0.299561087;0.264304017;0.840922784;0.317208634
1.737515193;0.147998188;0.041602207;0.862302877;0.444787596;-0.232057368;0.621212285;-0.206461385;-0.11060853;0.520991699;-0.352252375
0.021680173;0.179753185;-0.280373511;0.680772502;0.779375555;0.77617261;-0.569966378;-0.512641884;-0.97037376;-0.11588783;0.054849684
0.584731373;0.376976309;0.826833034;0.590822028;-0.524961969;0.719559424;-0.71123206;-0.435117703;-0.901839656;0.097615016;0.546076949
-1.506540922;-0.621645398;-0.175252411;-0.354644328;-0.486875698;0.530443399;0.690882243;-0.638050272;-0.929989696;-0.01610805;0.494699289
1.06531352;-0.63805873;-0.085139457;-0.474019902;0.124267928;0.985294121;-0.936050866;0.736968951;0.541497333;0.509597978;0.300956163
2.226644616;0.319580978;0.597518067;0.069056967;-0.05865507;0.63739319;-0.203544284;0.859520447;0.129146463;0.785363935;-0.908736076
0.703454742;-0.765218259;0.068235325;-0.470269261;-0.588807842;0.700537128;0.901194729;0.679299191;-0.806798448;0.231992105;0.753290073
-1.550123902;-0.489373906;-0.160877839;0.576223515;-0.958653071;-0.576775352;-0.271723766;-0.290261587;0.251859678;-0.235276502;0.604734928
-2.282887178;0.619071249;0.624194166;-0.868719412;0.581858409;-0.55621547;-0.636554839;-0.726289714;-0.784705412;-0.087870613;-0.447655543
0.505135237;-0.695277187;0.689939122;-0.632949242;-0.269629975;-0.29717135;0.699911822;0.84292176;0.416962405;0.303891286;-0.553463404
1.178803101;-0.34450942;0.123808916;-0.775516913;-0.199934155;0.697497789;0.938717762;0.308053216;-0.034806382;0.406750874;0.058741412
0.595666753;0.90267765;0.299315207;0.68919826;-0.580788311;0.116730741;-0.212979149;-0.558501933;-0.527803699;0.548263287;-0.0804453
0.414102395;0.634947949;-0.456779728;0.30419809;-0.644684713;0.696071804;-0.243778049;-0.277919775;-0.361425604;0.434654779;0.328817642
-0.406336834;0.993509719;0.765818691;-0.337835031;0.176878539;-0.606769721;-0.901424226;0.137849494;-0.776367663;-0.511462005;0.65346537
0.32012972;0.158551558;0.330722777;0.174703055;0.411116378;0.681011293;0.58802059;-0.466211578;-0.527222954;-0.922782571;-0.107778828
1.241374899;-0.618099474;-0.098248543;0.90034012;0.535763593;0.637683886;-0.439500287;-0.211869521;0.055826519;0.285542182;0.193936424
-1.963546769;0.613858802;-0.06983523;-0.666112485;-0.509064525;0.621743142;-0.060354842;-0.372823184;-0.622191085;-0.955703286;0.056935925
1.489601594;-0.160139881;0.305643762;-0.119459213;0.432426944;-0.31500528;0.040337382;0.821821781;0.654315832;-0.061895457;-0.108444276
1.451838555;0.283755719;0.294591686;-0.970652912;0.939226476;0.711321754;-0.151701757;-0.587344943;0.881168573;-0.218763679;0.270237638
1.424898324;0.035107419;0.394213036;-0.982524643;0.279506509;0.935501403;0.689344158;-0.281653546;-0.266948879;0.270322278;0.352030589
1.673361528;0.733024384;0.44083379;0.615952232;-0.669336403;0.144214351;0.143769906;-0.613376954;0.102036977;0.964537826;-0.188294583
-0.583559561;0.394238333;0.79304285;-0.853355753;-0.349016293;0.33303973;-0.299130047;-0.347378663;-0.290037842;-0.765794702;0.800832827
2.155061333;0.053073171;0.822594104;-0.780160651;-0.126874605;-0.830781941;0.231832438;0.819795447;0.965027704;0.02296103;0.977594636
1.739699983;0.890162483;0.935221392;0.968483414;0.956211489;-0.828073842;0.302882445;-0.70390115;-0.981678789;0.869893767;-0.669501226
-0.207365891;0.387295973;-0.696070024;0.074117667;-0.421893817;-0.682375602;-0.903232606;0.895650514;0.904513735;0.466436582;-0.231808316
3.438286581;0.381452822;0.63278424;0.393872484;0.008704933;0.085751624;0.796140817;0.827710899;0.321666543;-0.085835492;0.076037711
0.60679517;-0.13994252;-0.132284817;0.405046321;0.954641704;0.691298633;-0.767330429;-0.047094348;-0.231655792;-0.086595206;-0.039288376
-1.122149667;-0.802207834;-0.606804531;0.89415097;-0.674887591;0.523912378;0.229370174;-0.183401342;0.265945029;-0.25809869;-0.51012823
0.876478759;-0.502269281;-0.642336146;0.241322932;0.216857167;0.663423305;0.061332149;0.496999047;-0.172871844;-0.46222828;0.976249712
-0.559850204;-0.837033648;-0.956815479;-0.006651173;0.900576104;0.133340325;-0.270080969;0.542219619;0.271868524;-0.663911105;0.326637599
-2.9345328;0.570275951;0.751195584;-0.929708213;0.035894281;0.332989352;-0.999318557;-0.043947753;-0.930240205;-0.903323387;-0.818349852
-0.793944125;-0.287252145;-0.09992374;-0.197839904;-0.441321588;-0.833403957;-0.021824366;-0.742581754;0.952718816;0.802530799;0.074953715
0.960088423;0.570412683;-0.237853015;0.793669861;0.649204359;0.197410953;-0.566476294;-0.106044984;-0.171374804;-0.881691909;0.712831573
-3.738864649;-0.519118399;-0.276241148;0.332549257;-0.87488744;0.016217171;-0.954840795;0.096991834;0.348916958;-0.972560985;-0.935891102
-0.717474726;-0.975375166;0.040528653;-0.312128948;-0.330868068;0.655906246;0.435607754;-0.922456305;0.587887863;0.875920202;-0.772496957
-0.897037142;0.01607652;-0.286735259;-0.313657174;-0.966645876;-0.265200758;-0.148887518;0.382862487;0.305797431;0.720009575;-0.34065657
-0.419444325;-0.362367162;-0.417421698;-0.954467413;-0.763647451;0.765096914;0.429361324;0.340078328;-0.38468192;0.928912224;-0.000307472
-0.294155623;-0.996331857;-0.568292214;-0.682511237;-0.845238043;0.944306594;0.103504047;-0.071168752;0.319873525;0.855706608;0.645995707
-2.877726332;-0.592465786;-0.608382146;-0.860748586;-0.071053548;0.115194927;-0.580450356;-0.804803139;0.22450937;0.848678383;-0.548205451
-0.421759467;0.504319449;-0.911867785;0.173120273;-0.335273448;0.497682752;0.653433476;0.284030741;-0.797513229;-0.04545258;-0.444239117
-0.901680138;-0.014128291;0.613157159;-0.599574576;-0.397148618;-0.661180209;0.618800533;-0.607776124;-0.480353251;0.443793468;0.182729772
-1.736774459;0.493047099;0.816529812;-0.999297136;-0.692254655;-0.65773975;0.488695682;-0.287381025;-0.197430573;-0.158192567;-0.542751347
0.033543992;0.718399736;0.740956888;0.05224553;-0.152649544;-0.370049301;-0.828321324;0.270443446;-0.752210387;0.097298727;0.257430222
2.449481052;-0.066266025;0.835467169;-0.326915072;0.183867833;-0.378752359;0.712832382;0.736759385;-0.260347593;0.021149972;0.991685359
-0.367817389;0.008594344;0.967835344;-0.154188778;0.088906219;0.184111154;0.396359815;-0.376649746;-0.982755645;-0.410358588;-0.089671509
1.138592395;0.742594594;-0.595370689;0.661520026;0.106319578;0.542660488;-0.248037303;0.350250104;0.382796305;-0.73374897;-0.070391737
-2.049219868;0.255132967;-0.37420671;-0.647460442;-0.382960158;0.034100323;0.452401666;0.758937214;-0.848488902;-0.905946207;-0.390729618
-0.025791892;0.904225457;-0.51404595;-0.451162415;0.238125114;0.780544059;0.142778532;-0.384498119;-0.667929717;-0.697249812;0.623420961
1.825235645;0.485272076;0.664065238;-0.576977663;-0.752877653;0.904614992;0.998302872;-0.386535202;0.004881634;0.310944894;0.173544455
-1.942828447;-0.913511418;0.387066774;0.060346083;-0.395420098;0.202302196;0.229753368;-0.455588477;0.593094883;-0.74012029;-0.910751469
3.004353892;0.834246456;-0.633005747;0.3326805;0.705219121;0.928923651;-0.202316171;0.020330216;0.976602933;-0.229161315;0.270834249
1.627145149;0.907621534;0.106259667;0.866576058;0.151575629;-0.348810026;0.503532717;0.081850366;0.731316789;-0.496657039;-0.876120545
2.393001752;0.260177416;-0.304821709;0.906740494;0.011275269;0.901017378;-0.030371408;0.911106572;0.271847179;0.118943634;-0.652913074
0.831537239;-0.541428472;0.395562011;0.443131901;0.708689287;-0.481974875;0.295741602;0.587683942;-0.51571487;0.40376818;-0.463921468
-0.027329579;0.159407927;-0.359965709;0.438448636;-0.711107776;0.028674328;-0.816717499;0.191446172;0.582599967;0.05896135;0.400923026
-2.884858299;-0.942803424;-0.848570808;-0.922257273;0.012610568;-0.98461891;-0.427339296;0.517232934;0.572396171;0.34069471;-0.202202972
1.292659672;0.602760157;0.185938188;-0.023327992;0.088625078;-0.322534508;0.653173052;0.622833714;-0.590544001;0.818273668;-0.742537684
-0.166960266;-0.211108692;-0.657082303;-0.98750162;0.774497786;-0.235249983;0.256351792;0.604108884;0.75932225;-0.635175519;0.164877138
-0.638876667;0.592964937;-0.75698935;-0.488893119;-0.840221502;0.487127245;-0.801129568;-0.256110011;0.491506752;0.574354985;0.358512963
-1.940608099;-0.268561388;-0.779456877;0.654315408;-0.028866595;-0.004507276;-0.566163701;-0.555469975;-0.332082129;0.480283345;-0.54009891
0.395379194;0.325966896;0.856071534;0.391306996;-0.563793222;0.130610111;-0.519908156;-0.505675417;-0.679515154;0.471122669;0.489192937
-0.013444554;-0.758442444;0.778573357;-0.00677071;0.515243437;0.840307323;-0.776617171;-0.17360499;-0.471810722;-0.946974824;0.98665219
0.683801651;0.810776128;-0.658605861;-0.235927785;-0.422303897;0.037296819;0.265087024;0.065364917;0.375325173;0.844278756;-0.397489622
0.287795066;-0.462717804;0.760140134;0.421909593;-0.457245841;0.201376837;0.327774451;0.01810683;-0.816569891;0.238253469;0.056767287
-0.314859258;-0.692534807;0.145754684;0.428230964;0.740571991;0.437233758;-0.929039719;0.102569973;-0.848911727;-0.382077576;0.683343199
-0.587535998;-0.22530009;-0.594110039;0.691562081;0.036004782;-0.707528805;0.33862186;0.740591553;0.109046843;-0.956048887;-0.020375297
1.387897177;0.438901637;0.114012509;0.638289593;-0.48249954;0.126934044;-0.057993517;0.45277022;-0.186300471;-0.224247102;0.568029805
-0.873240441;0.639040363;-0.894895209;-0.139765569;0.503673105;-0.523946903;-0.082463146;0.384433075;0.332206823;-0.953929323;-0.137593657
-2.907170413;-0.638193963;0.747844094;-0.290371316;-0.447629208;-0.616179901;0.66442648;-0.589495134;-0.878269501;0.084655701;-0.943957666
-1.862268196;-0.940372629;-0.396449949;0.331841492;-0.78109132;-0.175539214;0.515403545;0.432690222;-0.658314803;0.116842743;-0.307278283
0.231040289;0.626626046;-0.028624374;0.752248567;0.415592481;-0.975159136;-0.712212775;0.347235549;-0.049002593;0.402008153;-0.547671629
2.218247666;-0.235816287;0.633573441;-0.128367843;0.434847984;-0.453532791;0.746939227;0.418340547;0.982345129;0.215778477;-0.39586022
-0.390660373;-0.605338196;0.534281869;0.22901518;-0.364890341;-0.02513265;-0.332506717;0.703490754;-0.340462531;0.48893775;-0.678055491
-1.111201109;-0.532413106;0.002941853;0.945685064;-0.211816651;-0.668589482;-0.36331972;-0.008514812;0.231675367;0.170591854;-0.677441476
-3.064919053;-0.485694498;-0.400859408;-0.339036068;-0.492966804;-0.447000721;0.535533769;-0.476068416;-0.570631505;0.115171103;-0.503366506
2.496032772;0.303194376;-0.290771956;0.42805624;0.495916938;0.17930016;0.552453351;0.181581124;-0.7441695;0.75212708;0.638344959
-0.33884727;0.424885295;0.036721756;0.323789523;0.406912106;0.325322158;-0.87269847;-0.85689537;-0.678974938;0.89728848;-0.345197809
-0.921369354;-0.481725525;-0.942382455;-0.614769772;0.570398273;0.742183821;0.410005695;-0.661005724;0.065415939;0.567026053;-0.576515659
1.98184004;0.29296358;0.609544471;0.428979014;0.454169708;0.728685036;-0.854255214;0.821898771;-0.855978472;0.321336674;0.034496472
2.507748911;-0.031476524;0.338108036;-0.338890957;0.660662211;0.639047285;-0.232753612;0.109749272;0.581262937;-0.217281681;0.999321944
-1.649140917;0.688233765;0.418267113;-0.103885704;0.601975497;-0.299775675;-0.676749978;-0.822253394;-0.303422135;-0.468725189;-0.682805216
-3.753162361;-0.654744543;0.398235014;-0.542986333;-0.854119235;-0.058837924;-0.453130856;-0.77347723;-0.645275598;-0.636588864;0.467763207
-0.197858893;-0.06493005;-0.371469722;0.57914324;0.452907372;0.075551136;-0.176399531;-0.168473646;-0.460876934;0.089712327;-0.153023084
2.553935965;0.565722086;0.526159641;-0.188720746;0.825016016;-0.541106005;0.270411152;0.051386233;0.445700638;-0.130666144;0.730033094
-1.100472363;0.626582688;-0.561597431;0.08947986;-0.433928854;-0.212120076;0.076970733;0.151931767;0.33991935;-0.644377593;-0.533332806
-2.198083134;-0.078078397;-0.496346102;-0.416549927;-0.535699232;0.277970169;-0.60224982;-0.039535088;0.454464507;-0.742148866;-0.019910378
-0.887762626;0.029252665;0.107236661;0.083099905;-0.467929863;-0.065026381;-0.950267656;-0.162756454;0.878918495;-0.065418442;-0.274871556
-3.771421208;-0.937826324;0.058526503;-0.356877257;-0.021293975;0.293349712;-0.483017785;-0.099895465;-0.648955759;-0.671001746;-0.904429113
-2.058797201;-0.42638715;-0.350137746;-0.050111954;0.234037029;-0.937291231;-0.790877771;-0.091701899;0.156382584;-0.626101207;0.823392144
-3.072970954;-0.600557758;0.36316699;-0.49275907;0.683383627;-0.877816881;-0.222472331;0.080576443;-0.109912747;-0.962364853;-0.934214373
0.840541468;-0.464823641;0.851255591;0.648222799;-0.460470579;-0.862003228;0.064266089;0.430442226;0.020766757;-0.109662258;0.722547712
0.241933025;0.825581461;0.044865357;-0.885220366;-0.922474981;0.681583501;0.328048045;-0.11007839;0.673580613;0.498532604;-0.89248482
1.019390712;0.513744563;0.279645194;0.691455917;-0.599456682;0.826062382;0.180795301;-0.772369428;-0.247896604;-0.377207774;0.524617843
3.174477276;0.919609833;0.874738271;0.89394107;-0.650103549;0.965812566;0.537337337;-0.829229125;-0.229490327;0.517346215;0.174514985
0.495277426;0.407751713;0.34992488;0.806356294;-0.846684368;0.292428957;0.017586499;-0.192095732;0.274666657;-0.939640467;0.324982992
1.610447529;-0.56125144;0.68896006;-0.235986638;-0.057154704;0.026862603;0.501362187;-0.365853793;0.5813946;0.561587965;0.470526689
-0.908987595;0.829780941;-0.747455466;0.410950744;-0.21904058;0.074545189;-0.079267822;-0.2812889;0.101942876;-0.581238375;-0.417916201
-0.957530569;0.389989717;-0.089256566;-0.725334873;-0.967962494;0.124370093;0.079125279;0.127971592;0.872629643;-0.58922296;-0.179840001
-0.708350007;0.096125467;0.07867944;-0.115417382;0.825643071;-0.31112519;-0.91549394;0.471852003;-0.88829803;0.976789364;-0.927104811
0.445059242;0.901099609;-0.655104011;-0.427315525;0.814353608;-0.292927435;0.369576678;0.381751684;0.231904341;-0.665282547;-0.212997159
-2.463666658;0.336947449;0.185711197;-0.640900663;-0.556350752;0.048982128;-0.887722785;-0.76364597;-0.09389435;0.628031115;-0.720824027
-1.47197899;-0.47398777;-0.044236748;-0.379498403;0.893874143;-0.346532333;0.02161621;0.033423482;-0.886106826;-0.446358726;0.155827981
-2.035897603;0.260180939;-0.241920109;0.866731309;-0.138897458;-0.219835019;-0.997345785;-0.83129361;-0.228872183;0.003056491;-0.507702177
1.083645148;0.840184275;-0.240020046;0.580710451;-0.219710526;-0.594913353;0.73081306;-0.398743551;0.059889543;-0.168128225;0.493563519
-2.124250639;-0.431357805;0.727960315;-0.370953925;-0.869878624;0.229859267;-0.656777257;-0.340581558;-0.634273099;0.25212912;-0.030377074
0.639429815;0.324693255;-0.842515802;-0.038850836;0.389227016;0.813386545;0.086119485;0.823197954;0.004009121;-0.909669096;-0.010167829
-4.029714395;-0.212382304;-0.600588775;-0.765838949;-0.784271174;-0.181135414;-0.52984985;-0.521108137;-0.496554671;0.331758733;-0.269743854
1.1514557;0.677169215;-0.17044403;-0.109331046;-0.029834532;0.163972296;0.463963454;0.739253479;0.161183975;-0.824208071;0.079730961
-0.12745867;0.658369933;0.702076335;-0.950491777;-0.357966293;-0.177062894;0.789911175;0.406384943;-0.533121002;0.190709119;-0.856268208
0.31056655;-0.988389331;0.110710263;-0.418934327;-0.106608466;-0.178331015;-0.491752127;0.321297705;0.259156898;0.844930427;0.958486522
1.184431289;0.750415455;-0.478699751;0.130145425;0.009285082;0.042005603;-0.855622905;0.926362636;-0.197518232;0.990628594;-0.132570619
3.768634065;-0.26741889;-0.253267662;0.822929931;0.110335473;0.951028466;0.379145671;0.679250066;0.99922584;0.832649264;-0.485244093
-0.862196736;0.27166701;-0.160987747;-0.265652842;0.354327115;-0.748465147;0.092742338;-0.490314468;0.637127324;-0.535765124;-0.016875194
-0.311890042;-0.492626706;0.465602077;-0.834260879;-0.917061098;-0.667580599;0.443447284;0.835518456;-0.874595905;0.772548983;0.957118346
0.870961428;0.598398629;-0.577400776;0.512620905;-0.924511519;0.351024857;-0.016260084;0.034409486;0.591008108;-0.032225685;0.333897507
2.181012043;0.442110889;0.610268016;0.052121456;-0.030900447;0.117708707;0.899472686;0.746882483;-0.988142054;-0.59964108;0.931131387
-3.046498044;-0.583992904;0.025018919;-0.724543535;-0.956476666;-0.517230203;0.119991381;-0.085461629;0.466111582;-0.184239009;-0.605675979
2.456031358;0.952127664;0.985236455;0.010324294;0.765857179;-0.103246954;-0.748118193;-0.893448621;0.517184561;0.229778644;0.74033633
1.787603636;0.936191728;-0.083206062;0.348531081;0.306194189;0.359073079;-0.965124821;0.416050641;-0.559891527;0.802992448;0.22679288
-0.317452034;0.937179803;-0.363478487;-0.080169055;0.005844923;0.330109888;0.944985216;0.281593369;-0.769246097;-0.730400006;-0.87387159
-0.014147425;-0.501914582;-0.399631695;-0.440937571;-0.837134206;0.600347326;0.320180843;0.357004606;0.83244656;-0.780783126;0.83627442
0.899321983;-0.526835483;-0.351315184;-0.337962536;0.584863025;0.939770315;-0.208784644;0.467122224;0.376468119;0.58324954;-0.627253392
0.429525026;-0.233885866;0.835430875;-0.771602088;0.806409545;0.792821522;0.686149899;-0.944516275;-0.724692958;-0.129513644;0.112924016
0.262343717;-0.54927052;-0.068346967;0.001632556;0.217203857;-0.439095415;0.041016567;0.952524175;-0.092680961;-0.251112632;0.450473057
0.580596119;-0.903334697;0.983413051;0.479368043;-0.425371343;-0.418541305;0.880451182;0.554586019;0.898139182;-0.548286299;-0.919827716
1.722796909;0.416373841;0.860801045;-0.965028945;-0.209714308;0.763015352;0.265584889;-0.683063719;0.51700109;0.600519685;0.157307979
2.735387942;-0.316384752;-0.004855299;0.942313458;-0.48949124;0.730800741;0.815948332;0.99918172;-0.90772361;0.527101401;0.43849719
-0.016505853;0.769647668;-0.913446196;0.652035768;0.381481496;0.559532852;-0.144206596;-0.211497684;-0.189534389;-0.496442444;-0.424076327
-0.065645385;-0.858687551;0.920863008;0.384548634;0.141099353;0.782962498;-0.924717278;-0.442652952;-0.712756962;0.930537618;-0.286841754
2.910040154;0.955655675;-0.1347723;-0.039251112;0.434723212;-0.322105126;-0.269874445;0.793635807;0.116949571;0.666190812;0.708888059
-0.275385854;0.313564035;-0.823697374;-0.127911487;-0.588374723;0.724691047;-0.604548286;-0.59496071;0.944895713;0.674028402;-0.193072472
-2.570626392;-0.337104899;0.473657356;-0.844394276;-0.692312411;0.853631441;-0.920190116;-0.546065041;-0.082507874;-0.607378578;0.132038006
1.261039973;0.893459375;0.498389745;-0.20526508;0.576991036;0.575831476;-0.832905468;0.536027985;-0.103691607;-0.783904121;0.106106633
1.986023003;0.242359011;-0.627806179;0.636536292;-0.320660851;0.415030988;0.866347004;0.122053526;-0.518141577;0.781022116;0.389282675
-0.872081674;-0.738535349;0.383052062;0.456681505;0.780568661;-0.027456556;-0.641025937;-0.01437855;-0.316147943;-0.98545517;0.230615604
0.843837668;0.443787568;-0.910557087;0.990293473;0.678053939;0.121607569;0.240992224;0.129377805;0.257818684;-0.55476557;-0.552770937
0.73842161;0.355591754;0.857370668;-0.334510369;0.575782274;0.754372566;0.135754945;0.380582874;-0.978289594;-0.162259528;-0.84597398
-2.021592273;-0.759534278;0.769196434;-0.339875578;-0.538226461;0.314276988;-0.274338363;0.537258589;-0.348133093;-0.401160811;-0.9810557
1.150313649;0.018054856;-0.146919976;-0.419779552;0.165782381;-0.572578046;0.807072092;0.972028235;-0.442544273;0.322519758;0.446678175
-0.07796048;-0.418245176;0.876548686;0.461212521;-0.869547057;-0.502994201;0.495268878;-0.815839159;0.807766966;-0.03959438;-0.072537556
1.945663581;0.55669941;0.86719882;0.188286325;-0.495614742;0.29461577;-0.642133138;-0.869902878;0.741048253;0.576337937;0.729127825
2.158848107;0.789106815;0.289240308;-0.535736462;0.252852191;0.719898155;-0.228644366;0.903250343;-0.878761219;0.398457108;0.449185234
-0.83118834;-0.786845268;-0.460088706;-0.343498001;0.936825025;-0.468225976;0.909940999;-0.343282059;0.233399719;-0.310615651;-0.198798423
0.667745153;0.799162219;-0.744440079;0.311829711;-0.104178429;0.158534403;-0.154069472;0.685245603;-0.273204024;-0.32570614;0.31457136
1.880262618;-0.63538142;0.606815683;0.886856229;-0.378621385;0.235988161;-0.582334188;0.992909268;-0.32382504;0.413094082;0.664761229
-0.638202291;0.506647187;-0.447297861;0.354078505;-0.967267545;-0.139805999;0.071823114;0.759654241;-0.0066742;-0.9808028;0.211443067
4.620510979;0.241849493;0.73239651;0.462990121;0.472126489;0.278079969;0.460229729;0.622763242;0.766082756;0.429870562;0.154122108
-0.738128964;-0.62806755;-0.399194878;-0.405536732;0.225451682;-0.236084436;0.854635447;0.323358319;0.018467763;0.214356679;-0.705515257
0.570359414;-0.251399367;0.757344114;0.197641506;0.202973652;-0.303387449;-0.187456255;0.836018415;0.404937951;-0.648312589;-0.438000564
0.752550683;-0.363264692;-0.363653041;0.310024225;-0.798126262;0.759608757;-0.16560997;0.819830358;0.802828825;0.060221301;-0.309308818
-1.896243458;-0.186240663;-0.080509332;-0.950383225;0.627480319;0.017560144;0.177226065;0.145301082;-0.096451407;-0.75130232;-0.798924122
-1.400913739;0.223458036;-0.997364426;0.877037741;0.125149727;0.720918065;-0.261263151;-0.709090344;-0.807384261;-0.961448227;0.389073102
-1.8055167;-0.354110344;-0.203486727;-0.910225097;0.64005665;0.638077666;-0.518697956;0.718445992;-0.973491239;-0.926992621;0.084906976
1.208813152;-0.943881492;0.334031378;0.710928437;-0.004610241;0.798869532;-0.523390633;0.398093466;0.981317853;-0.715604567;0.173059418
-0.540157651;-0.710784767;-0.363367304;-0.852907695;-0.708476324;0.244568886;0.640537474;0.827890656;0.419049185;0.137627785;-0.174295547
3.276697121;-0.156277072;0.777330489;0.908971853;0.145600987;-0.03352558;0.939103899;-0.685630316;0.126405809;0.867731447;0.386985605
-2.811550822;-0.269646745;-0.692273859;-0.857854123;-0.679985961;0.613988976;-0.756064722;-0.469279222;0.425293104;-0.71139868;0.58567041
-4.358699057;-0.648328892;0.010463303;-0.582311653;-0.868494017;-0.727535033;-0.638651006;-0.336990581;0.166949349;-0.562333173;-0.171467352
-1.634225997;-0.749931425;-0.547763032;0.441095872;0.375340642;0.60172165;-0.823875416;-0.002955488;-0.535833773;-0.440087273;0.048062245
-1.605744825;0.40261936;-0.70298758;0.043620898;-0.544489173;-0.772676866;-0.417469511;0.478517686;0.711953524;-0.700781333;-0.10405183
-2.084740587;-0.875467794;-0.766990439;-0.800528332;0.280387699;-0.168017593;0.244854685;0.092668094;0.854926148;0.039215286;-0.98578834
-3.096431081;-0.509923196;-0.669236611;0.203246818;-0.796419356;-0.424200469;0.408343526;-0.591362151;0.098267423;0.177010609;-0.992157674
2.256482236;-0.879366266;-0.963396034;0.099672054;0.903338882;0.358706459;0.941514595;0.393895637;0.952543022;0.069275152;0.380298734
-0.624191997;0.908134212;-0.947756456;0.277733259;0.443714194;-0.067937446;-0.62485038;-0.881937827;-0.685396749;0.567937261;0.386167934
-0.550714926;-0.014846948;0.01530817;0.938058374;-0.950015865;0.864037469;-0.841056324;-0.243740683;0.409818014;-0.21022177;-0.518055363
-1.990983574;0.17951065;-0.807821349;-0.01967359;-0.160406948;-0.550028635;0.033279157;-0.70937208;0.195167762;0.38425391;-0.535892451
1.363110868;-0.762383972;-0.189101935;0.7601218;0.226501575;0.532747913;-0.247928028;0.615839074;-0.945520374;0.574985692;0.797849123
-3.875222158;-0.94039638;-0.763382367;-0.71797516;-0.048218353;0.734320688;-0.067110556;-0.715350272;-0.922605799;0.126300085;-0.560804045
-1.545988218;0.398306621;-0.598631254;-0.388711784;-0.37042306;0.917563496;0.263895129;-0.652411197;-0.790203127;-0.38682166;0.061448617
0.971876714;0.921052669;0.760295819;0.822677841;0.042507279;-0.926820256;-0.570407248;0.1536983;-0.309145842;0.048828872;0.029189279
1.762047575;0.455975444;0.708464408;-0.328968659;0.827313635;-0.456686694;-0.422612751;0.52866642;0.186354089;0.053382233;0.210159451
-0.393261235;0.416268022;0.119833471;0.453509866;-0.882519099;-0.174974488;-0.047795347;0.224017306;0.735079884;-0.476915569;-0.75976528
0.512209596;0.706435039;0.472083143;-0.992181181;0.880443846;-0.927376301;0.767443825;-0.263585502;-0.867235686;0.821484521;-0.085302108
-0.345539395;-0.943522056;0.684918115;0.037342799;0.896723198;0.869665482;-0.599632563;0.3596296;-0.688433495;-0.126401085;-0.83582939
-0.493896563;-0.327739284;-0.046111322;0.902409433;-0.619685203;0.879623045;-0.467103256;-0.566379946;-0.219591186;-0.492274083;0.462955238
-1.775833351;0.262500559;-0.493488808;-0.64295536;-0.101148036;-0.415678512;-0.600585977;0.61812752;-0.958424096;0.262485752;0.293333607
-3.059456047;-0.804906323;0.169394245;-0.64760839;-0.868712321;-0.765326575;-0.892039295;0.060075599;0.797419633;-0.036368027;-0.071384593
1.624088425;0.580403827;-0.799625732;0.158865899;0.72163742;-0.057351829;0.561023721;-0.156934223;0.582709123;0.037231392;-0.003871173
0.000335523;0.948547213;0.337871626;-0.078038402;0.230859103;-0.597047539;-0.650422114;-0.291095721;0.080509209;-0.641755336;0.660907483
-1.835183074;0.159648426;-0.485393769;0.547790139;0.017359535;-0.741542352;0.754411637;-0.219194015;-0.770864548;-0.459107384;-0.638290744
0.791030561;-0.414708955;0.259749628;-0.604181661;0.771995335;-0.113582172;-0.246036229;-0.248321032;-0.078829757;0.973074577;0.491870827
-0.138880618;0.666957783;0.173965039;-0.910386235;0.580504764;-0.40294419;0.710573401;-0.44252689;-0.885049141;-0.194060006;0.564084856
2.078772008;-0.223012996;0.548285073;-0.158887799;-0.613804604;0.755929294;-0.9907478;0.924538871;0.914132583;0.232237202;0.690102184
-2.892787443;0.102231041;-0.096371562;-0.480700337;-0.081048509;-0.185535494;-0.206032611;-0.759128042;-0.417393014;-0.93866304;0.169854125
-2.010612306;0.136060159;-0.679628604;-0.735639468;-0.852346174;0.319683376;-0.919100428;0.547681463;-0.062255305;0.175174086;0.059758589
3.130660038;0.397832383;0.219363208;0.826665441;0.436310817;0.048369619;-0.122276828;-0.282004011;0.528569837;0.447235904;0.630593669
-0.719984446;-0.100514684;-0.66278521;0.616051224;0.876897787;-0.09118581;-0.934356803;-0.815022752;-0.718199271;0.837952186;0.271178887
-1.306684586;-0.364596473;-0.934408118;-0.379578745;0.0348087;-0.761561442;-0.184091802;0.36630972;0.942881213;-0.724165095;0.697717457
3.282238353;0.153505171;-0.639079324;0.708397857;0.282292459;0.855760757;0.419864355;0.464993342;0.50504618;0.664116116;-0.13265856
-0.86195366;-0.493934124;-0.854317711;0.394252105;0.717037966;0.847373393;-0.902274415;0.705723186;-0.477325656;0.158531145;-0.957019551
-0.754600769;-0.740946054;-0.068453338;0.332678221;0.70723756;-0.555870929;-0.600486087;0.305921267;0.922805001;-0.126449579;-0.93103683
-0.962803934;0.685149313;-0.328125441;0.330373361;0.954788886;-0.880145813;-0.701851596;-0.870317;0.097264778;-0.556698473;0.30675805
1.148007812;-0.087811602;0.861534457;-0.824993425;-0.375735503;0.366815097;-0.22481938;0.099359167;-0.195817732;0.776695696;0.752781036
0.273360051;-0.981913458;0.635757659;-0.853332384;0.343495012;0.929840756;-0.019256458;0.996365051;-0.847231301;-0.733493834;0.803129007
-4.434825136;-0.199817889;-0.487726808;-0.861044399;-0.441137174;-0.946035432;-0.338389803;-0.787826842;-0.825285605;0.571529793;-0.119090977
-0.856183682;-0.700474596;0.837087045;0.921974172;-0.922919341;0.390782324;-0.505940784;0.507472325;-0.973768252;-0.988147371;0.577750795
1.158085534;-0.451076666;-0.596265217;0.661476885;-0.05091204;0.020694528;0.159098553;0.891387993;-0.764407222;0.408389992;0.879698729
1.219268431;0.514281445;0.797554716;0.924032551;-0.12735613;-0.270967206;0.264930372;-0.420173207;-0.22890565;-0.122066017;-0.112062443
-2.037388748;0.541361263;-0.578024126;0.357078763;-0.135183567;-0.800758029;0.064811557;-0.854100673;0.220845149;0.052088456;-0.905507541
-0.698269981;-0.33384446;0.880622737;-0.479269985;0.075778251;0.01669487;-0.273076141;-0.086504472;-0.470739551;0.281868265;-0.309799494
-3.474807596;-0.90880013;0.374393355;0.599146949;-0.641765534;-0.618985546;-0.722067119;-0.384339392;-0.23036132;-0.748699772;-0.193329087
1.449836479;-0.328795492;0.96486086;-0.877825282;0.662454412;0.834891649;0.589668028;0.45371906;0.19562191;-0.36634118;-0.678417487
0.46351244;0.583185955;0.686467652;-0.968194842;-0.680002115;0.916645501;-0.765079928;0.61259873;-0.743744798;0.014052778;0.807583507
0.635268835;0.462805232;0.801765365;-0.02385443;-0.550549922;-0.128162691;-0.768437222;0.638801929;0.16957184;0.06095102;-0.027622287
1.985450495;0.652532694;-0.675906148;-0.571782347;0.512753202;-0.063413826;0.288287599;0.879543151;0.838874126;0.900744393;-0.77618235
0.45942651;0.674498923;0.675556939;-0.733190669;-0.378202972;-0.117719425;0.48759931;0.63368776;-0.720758099;-0.007586163;-0.054459093
-0.599666096;-0.604285162;0.881848211;0.430950354;0.581094924;-0.742544336;-0.640268535;-0.352456574;-0.211234849;0.233916754;-0.176686883
-1.184552393;-0.247429246;-0.817450841;-0.300744057;0.619379992;0.102844824;-0.645450174;0.263759714;-0.333533817;-0.10051501;0.274586222
2.523892777;0.021233562;0.762278363;-0.861607871;-0.992057024;0.834891703;0.48272781;0.937194255;0.492854442;0.722496558;0.12388098
3.491391487;0.963008741;0.896823662;-0.953512154;0.923605695;0.865004328;-0.387354262;0.528703566;-0.141140998;0.190821541;0.605431367
0.661246585;0.997217527;-0.984890786;0.946613869;-0.57747981;-0.150526502;-0.520446615;0.035854398;0.466876044;0.01835734;0.429671122
0.749001846;-0.508997404;0.940460594;0.322396606;0.555559785;0.386103632;-0.75593369;-0.602414598;0.192975801;0.777759494;-0.558908374
0.906821593;-0.983820393;0.087481822;-0.88283937;0.781735833;0.425072803;0.891864519;-0.167479839;0.073328921;0.827098622;-0.145621326
1.580898404;0.806729262;-0.737227468;0.133352142;0.685186583;0.213269274;0.790624115;0.608793948;0.219832081;-0.812848068;-0.326813464
-2.564399057;-0.510490178;-0.304732374;-0.517995878;-0.436530626;-0.662894491;0.566123828;0.98664773;-0.597226524;-0.299583442;-0.787717102
2.161900725;0.577289911;0.316097841;0.423122771;-0.159824202;0.53424304;-0.537220235;0.84462052;-0.622665729;0.674614281;0.111622527
-0.928915229;-0.296662492;0.433997667;-0.493493974;0.877132796;-0.588316575;0.103902167;-0.950792675;0.36761124;0.604868976;-0.98716236
0.256573139;0.332281692;0.016728625;-0.275931197;0.047203734;0.595850326;0.885676132;0.348773391;-0.687494264;-0.00847194;-0.998043359
-0.855153177;0.67421768;-0.638337585;0.904749179;-0.619184886;0.666633523;0.09863345;-0.987938175;-0.160782611;-0.759200492;-0.03394326
-6.425611551;-0.544352369;-0.6787493;-0.983898256;-0.906141961;-0.988472953;-0.330388214;-0.924437914;-0.557650608;-0.949065866;0.43754589
4.222171607;-0.316013877;0.93504334;0.841551632;0.652365282;0.290821299;0.478668951;-0.149325045;0.939688136;0.324314549;0.22505734
1.266516851;0.47098013;-0.340580438;0.542895134;-0.972939813;-0.382758478;0.270756572;0.781861657;0.640103906;0.034337199;0.221860982
-1.598084564;-0.901029862;-0.640957637;-0.494885961;0.5579017;-0.532371778;-0.635300935;0.469975446;0.761491053;-0.889888465;0.706981876
2.083428869;0.274303102;0.888879428;-0.514184612;0.680937038;0.936076629;0.666715382;0.67018094;-0.639984886;-0.745106714;-0.134387438
0.086918223;0.144362129;-0.039957409;-0.168128709;-0.985518953;0.246576591;-0.494414583;0.359523087;0.836360452;0.129367771;0.058747845
-0.770132911;-0.200374587;-0.87456394;-0.471763709;0.43507415;0.741407884;0.279580902;0.828219246;-0.397450305;-0.523027948;-0.587234604
-1.888100501;-0.60325815;0.169534019;-0.501104569;-0.54097149;-0.529734625;0.988826047;-0.813217822;-0.185956175;0.896920515;-0.76913825
0.090963436;-0.097769573;-0.352703614;-0.061354289;0.335638449;-0.490149747;0.224943306;0.010732204;0.760831304;0.632415493;-0.871620096
-1.756731336;-0.60212394;-0.521971694;0.538650073;-0.000739839;0.255826313;-0.213546837;-0.929618419;-0.217127046;-0.559276221;0.493196274
-1.627186559;0.039123421;-0.257216507;-0.138784446;-0.402615643;-0.397793286;0.109320729;0.963114195;-0.659574242;-0.137265387;-0.745495392
4.224173346;0.912318108;-0.367301206;0.120835089;-0.022737962;0.973957651;0.982882786;0.368431783;0.686808469;0.862917393;-0.293938764
0.449600716;-0.207985132;0.67571355;0.713411314;-0.200173632;0.34034193;-0.575957339;0.651649686;-0.741153612;0.321674874;-0.527920923
0.911400068;-0.539017754;-0.158684453;0.094450964;-0.689184028;0.97010792;-0.991195915;0.565795115;0.848971983;0.719979737;0.090176499
-1.685663972;0.386296108;0.315337095;-0.993297693;0.655838496;-0.802826654;-0.02027734;-0.926083667;-0.256989423;0.52280569;-0.566466584
0.255161903;-0.095661242;-0.795802901;-0.596227738;-0.80226928;0.375742329;0.945273008;0.754690812;0.522184115;0.096080064;-0.148847265
-0.998966431;-0.849992055;-0.733203023;-0.243584479;-0.039955469;0.197063209;0.926104341;-0.051524178;0.850529149;-0.495620266;-0.558783658
0.805966356;-0.720935429;0.567829604;-0.28710993;-0.78314385;-0.949627141;0.908937308;0.861833694;-0.311273409;0.737535295;0.781920215
-0.640641893;-0.969758098;0.054918696;0.060561728;-0.278662128;0.941401089;0.414677641;-0.319137951;0.628718752;-0.45081771;-0.722543911
1.778945439;-0.042109043;0.03261788;0.518149897;-0.526631168;0.082450887;0.439526702;-0.045108561;0.294560989;0.313681654;0.711806201
-0.530944873;0.894807399;0.165090703;-0.595831254;-0.344140963;0.696025636;-0.790255448;-0.514496787;0.440769357;0.160500503;-0.643414019
-3.190535698;-0.853164237;-0.686124636;0.187329925;-0.439960116;-0.413872626;-0.634677479;-0.339154443;0.264213099;-0.074306551;-0.200818634
-0.940261109;0.799643977;0.148752669;-0.848787354;0.479636994;-0.391764719;-0.542847179;-0.623458769;0.495602121;-0.148573008;-0.308465841
0.473848634;-0.023414915;-0.114717109;-0.462979087;-0.533409678;0.325760171;0.133887107;0.044491933;0.466623528;0.886832165;-0.24922548
2.013037005;0.557352465;0.823254116;0.324292058;0.882890422;0.57983207;-0.403291369;0.221128954;-0.29508041;-0.500237976;-0.177103325
1.973227549;0.076640945;0.324427401;0.854217358;0.605749071;0.37931228;-0.082011976;-0.02704456;-0.076912876;0.264661542;-0.345811638
-2.189678383;0.456807178;-0.181041197;-0.674170177;-0.332006216;-0.680003241;-0.367415225;0.688270372;0.426496215;-0.860800842;-0.66581525
3.35810663;0.522804435;0.241598571;0.042320733;0.305235301;-0.8327177;0.694351827;0.647743089;0.748375662;0.976743089;0.011651625
-3.128893385;0.494966497;-0.09158367;-0.504711191;-0.479637417;-0.247416905;0.151305442;-0.734624204;-0.351174144;-0.971738402;-0.39427939
1.606319315;-0.40180215;0.843180673;-0.206138056;0.554043688;0.456639754;0.778342735;-0.85050345;-0.807597594;0.26329064;0.976863077
-2.496735229;-0.595064529;-0.758487662;0.83554592;0.1696426;-0.506052413;-0.066368461;-0.97776267;-0.833304188;-0.541003828;0.776120002
2.523979591;0.341216454;0.792105802;-0.551424868;0.477230443;-0.202992625;0.340552037;0.198131241;0.219881032;0.814477648;0.094802428
-0.865897944;0.601060604;0.300936322;-0.664986525;-0.695543297;0.278839833;0.682802119;-0.948457707;0.334511645;-0.783493235;0.028432297
-3.351800108;-0.896320276;-0.694079824;0.295593415;0.435337649;0.005799969;-0.611317438;-0.998920659;0.432085553;-0.701416868;-0.618561628
-0.735105703;0.19831161;-0.073646117;0.672335197;0.163290938;-0.108870765;-0.376190466;0.557547005;-0.867637195;-0.751163348;-0.149082562
1.985993395;-0.329275842;0.115276268;0.439828299;0.054491412;-0.571169592;-0.266063366;0.473167437;0.282176629;0.883626228;0.903935922
-0.917956223;0.796234697;-0.996679084;0.244598505;-0.22182903;-0.771209293;0.453437191;-0.021179244;0.037823612;-0.297133535;-0.142020042
0.009110419;0.527717779;-0.218634768;0.082231295;-0.769664105;-0.141280311;0.071908157;-0.191372378;-0.437725101;0.504861582;0.581068268
-1.074967108;-0.434824095;0.034584023;-0.71470839;0.472688964;0.21199329;-0.987984657;-0.395126792;0.730917955;-0.870135757;0.877628349
2.283752874;0.61993958;-0.993555776;0.986685406;0.927072496;0.39628168;0.638587823;-0.064238028;0.087373015;-0.586368702;0.271975382
-0.90804444;-0.10812214;-0.20044113;-0.797724374;-0.395881534;0.810346008;-0.542662267;-0.458963366;0.413946531;0.639477856;-0.268020024
-0.076088997;0.64869339;-0.780423481;0.309954828;0.10754434;0.737209962;-0.860366582;-0.669436866;-0.566574176;0.836442806;0.160866783
-1.786607399;-0.696716231;0.885917941;0.252593701;-0.551683079;-0.365558588;-0.266770179;-0.961519194;0.246984313;-0.99787602;0.668019937
-1.545333956;-0.555452259;-0.183594012;-0.975951242;0.227140223;-0.67843464;-0.205800211;-0.413857307;-0.15580507;0.460716335;0.935704228
-5.069947837;-0.979727875;0.386676985;-0.534182755;-0.386060573;-0.953962978;-0.881859147;-0.909938661;-0.552772554;0.440684908;-0.698805186
2.235087669;0.141243002;-0.08557665;0.939345391;0.780463909;-0.526060019;0.767501014;-0.259954544;0.729338529;0.682651893;-0.933864858
3.003099608;-0.715157751;0.333128057;0.996198939;0.572080422;0.550024091;-0.151204731;-0.517900069;0.341965168;0.966851775;0.627113708
-1.944629409;-0.663276332;-0.518374245;-0.280988351;0.525975431;0.306682884;-0.409188733;-0.476341091;0.401888698;0.056648058;-0.887655728
0.177784835;0.839553627;-0.050229526;0.190490106;-0.736884582;0.053236559;0.481326754;-0.111548727;-0.003947729;-0.021807009;-0.462404639
4.401598826;0.71348073;-0.35808135;0.027480123;0.90209169;0.832638192;0.40923115;0.764896907;-0.081341955;0.27792944;0.913273898
0.852632553;-0.359347969;0.810357041;-0.191891013;0.915869627;-0.831762957;0.891253578;-0.067815188;0.896764203;-0.322172602;-0.888622167